{"cameraMode":{"drawMode":0,"name":"Shaded","section":"Shading Mode"},"sceneLighting":false,"audioPlay":false,"sceneViewState":{"showFog":true,"showMaterialUpdate":false,"showSkybox":false,"showFlares":true,"showImageEffects":true,"showParticleSystems":true},"in2DMode":false,"pivot":{"x":-13.025897026062012,"y":-2.889878273010254,"z":4.143637657165527},"rotation":{"x":0.3636670410633087,"y":-0.32750388979911806,"z":0.13424508273601533,"w":0.8623984456062317},"size":5.231994152069092,"orthographic":false}