{"cameraMode":{"drawMode":0,"name":"Shaded","section":"Shading Mode"},"sceneLighting":true,"audioPlay":false,"sceneViewState":{"showFog":true,"showMaterialUpdate":false,"showSkybox":true,"showFlares":true,"showImageEffects":true,"showParticleSystems":true},"in2DMode":false,"pivot":{"x":-39.35446548461914,"y":-2.1942555904388429,"z":-6.925174713134766},"rotation":{"x":-0.03972065448760986,"y":0.819085955619812,"z":-0.02746027521789074,"w":-0.5750626921653748},"size":18.13216781616211,"orthographic":false}